{
    "MSE": 252.77114868164062,
    "MAE": 10.129426956176758,
    "RMSE": 15.89877821348674,
    "R²": 0.5047823190689087,
    "MAPE": 2.2787599563598633,
    "Mean Error": 2.5182127952575684,
    "Std Error": 15.698081016540527,
    "Max Error": 90.63018798828125,
    "Min Error": 0.001068115234375,
    "Accuracy (5%)": 88.94405193813252,
    "Accuracy (10%)": 97.61313729234294,
    "Accuracy (20%)": 100.0
}